no;name;movies
1;Angelica Ott;2
2;Gloria Lozano;2
3;Turgut Özatay;2
4;Chips Rafferty;2
5;Arthur Tavares;2
6;Hiram A. Murray;2
7;Corinne Grant;2
8;Katharine Hepburn;2
9;Paige Scofield;2
10;Nancy Olson;2
11;Smoke;2
12;Guy Oliver;2
13;Carl Gantvoort;2
14;Mara Cruz;2
15;Zé Adão Barbosa;2
16;Jack Carlyle;2
17;White Cloud;2
18;Raimund Harmstorf;2
19;Luigi Pistilli;2
20;Lorne Greene;2
21;Markus Bishop;2
22;Dynamite the Dog;2
23;Shirley Palmer;2
24;Leota Lorraine;2
25;Sharon Lynn;2
26;Esther Fernández;2
27;Earl Crain;2
28;Pat Boone;2
29;Pat J. O'Brien;2
30;James Nolan;2
31;Claire Anderson;2
32;Onslow Stevens;2
33;Gastón Santos;2
34;Myrna Loy;2
35;Marina Malfatti;2
36;Robert J. Wilke;2
37;Marion Harlan;2
38;Ronald Reagan;2
39;Spyros Fokas;2
40;Minerva Urecal;2
41;Johnnie Walker;2
42;Frances Gladwin;2
43;Norma Lazareno;2
44;Franco Ressel;2
45;Jules Raucourt;2
46;Lizabeth Scott;2
47;Michael Stewart;2
48;Rafael Goyri;2
49;Millie Perkins;2
50;Earle Lyon;2
51;José Suárez;2
52;Regina Torné;2
53;Phyllis Bainbridge;2
54;William Colvin;2
55;Katherine Angus;2
56;Burton Law;2
57;Nancy Gay;2
58;Anne Cornwall;2
59;Fred Stone;2
60;Anna Maria Alberghetti;2
61;James E. Lane;2
62;Tony Huston;2
63;R.W. Hampton;2
64;Peter Sherayko;2
65;Jack Woods;2
66;C.M. Giffen;2
67;Clyde Benson;2
68;Frances Grant;2
69;Ricardo Adalid;2
70;Franco Corsaro;2
71;Mary Doran;2
72;Arthur Shields;2
73;William 'Bill' Mix;2
74;Casson Ferguson;2
75;Graciela Lara;2
76;José Pulido;2
77;Tina Louise;2
78;Fred Huntley;2
79;Tom Felleghy;2
80;Diana Lynn;2
81;Max von Sydow;2
82;Alfio Caltabiano;2
83;Michael D. Moore;2
84;Greg Bronson;2
85;Diane Sinclair;2
86;Byron Douglas;2
87;Eddie Torrente;2
88;Quintín Bulnes;2
89;William 'Stage' Boyd;2
90;Uschi Glas;2
91;Robert Gordon;2
92;Efrem Zimbalist Jr.;2
93;Tere Velázquez;2
94;Susan Hayward;2
95;Guillermo Rivas;2
96;Carmen Arselle;2
97;Adriano Micantoni;2
98;Rhody Hathaway;2
99;Boy Francisco;2
100;Henry Hall;2
101;Warner Anderson;2
102;Lupe Velez;2
103;Virginia Ainsworth;2
104;Mary McAllister;2
105;Kathy Garver;2
106;Raúl Martínez;2
107;Jack Evans;2
108;Roger Darton;2
109;Slim Padgett;2
110;Lottie Pickford;2
111;Laura Sears;2
112;Myrla Bratton;2
113;Robert Kotecki;2
114;Richard Roundtree;2
115;Luis Villar;2
116;Carl Miller;2
117;George Tobias;2
118;Marion Aye;2
119;Arlene Dahl;2
120;John Beal;2
121;Blackie Thompson;2
122;Sergio Goyri;2
123;Alice Dahl;2
124;Scott Pembroke;2
125;F.M. Van Norman;2
126;Fred J. Butler;2
127;Raoul Paoli;2
128;Pauline Frederick;2
129;Francisco Petrone;2
130;Jeff Davis;2
131;Anne Howard;2
132;Aldo Ray;2
133;Remo Capitani;2
134;Jesse Williams;2
135;Rip Torn;2
136;Robert Stack;2
137;Gilbert Clayton;2
138;Louis Fitzroy;2
139;Adrian Hoven;2
140;Jack Hanlon;2
141;Luana Alcañiz;2
142;Terry Traynor;2
143;Angela Stevens;2
144;Shannon Day;2
145;Lincoln Tate;2
146;Richard Rosson;2
147;Carl Möhner;2
148;Thomas Fritsch;2
149;Edita Clomera;2
150;Cy Kendall;2
151;Stefania Antonucci;2
152;Annette DeFoe;2
153;Harry Worth;2
154;Juan Miranda;2
155;Marie Versini;2
156;Fernando Bilbao;2
157;Edythe Chapman;2
158;Fred Hank;2
159;Mary Pickford;2
160;Elda Peralta;2
161;Guido Mannari;2
162;Frederick Vroom;2
163;Betty Brice;2
164;Tansu Sayin;2
165;Jeff Bridges;2
166;Phyllis Thaxter;2
167;Bernard Siegel;2
168;Vincent D'Onofrio;2
169;Frank Jaquet;2
170;Gilda Arancio;2
171;Michael Whalen;2
172;Anastasia Georgina Kissel;2
173;Allan Forrest;2
174;Shemp Howard;2
175;Perla Bautista;2
176;Boy the Wonder Horse;2
177;Joachim Fuchsberger;2
178;Bertram Grassby;2
179;Lon Chaney;2
180;Jeanne Helbling;2
181;Don Costello;2
182;J. Barney Sherry;2
183;Thadd Turner;2
184;Linda Darnell;2
185;Jacqueline White;2
186;Marie Newall;2
187;Mike Marshall;2
188;Dorothy Wilson;2
189;Jack Neil;2
190;Kathryn Adams;2
191;Hattie Buskirk;2
192;Rey Lapid;2
193;Helen Gamboa;2
194;Harry McLaughlin;2
195;H.B. Warner;2
196;Virginia Vale;2
197;Frank Coghlan Jr.;2
198;Marguerite Hungerford;2
199;Gabriella Giorgelli;2
200;Lucretia Love;2
201;Emilio Estevez;2
202;Ann Sheridan;2
203;Dorcas Matthews;2
204;Carmel Myers;2
205;Bill Conant;2
206;Angelo Infanti;2
207;Humberto Elizondo;2
208;Sam Waterston;2
209;Hans Albers;2
210;Gail Kane;2
211;Billy Green Bush;2
212;Beatrice Dominguez;2
213;Joe Smith Marba;2
214;Jeremy Childs;2
215;Wallace Reid;2
216;Gertrude Astor;2
217;Nathaniel Arcand;2
218;Pascale Petit;2
219;Kitty Vallacher;2
220;Ada Ince;2
221;Robert Graves;2
222;Huntley Gordon;2
223;Altan Günbay;2
224;Doris Pawn;2
225;Gale Robbins;2
226;María Félix;2
227;Anita King;2
228;Susana Dosamantes;2
229;Dan O'Herlihy;2
230;Lois Ranson;2
231;Nuccia Cardinali;2
232;Harry Myers;2
233;Dindo Fernando;2
234;Brenda Strong;2
235;Aldo Bufi Landi;2
236;Charles Southwood;2
237;Laura Miskin;2
238;Boy;2
239;Miguel Manzano;2
240;Jeremy Sumpter;2
241;Robert Kent;2
242;Jean Heather;2
243;William Prince;2
244;Rochelle Hudson;2
245;Carl Sepulveda;2
246;Jane Wyatt;2
247;Barbara Read;2
248;Dixie Lamont;2
249;Claudia Gravy;2
250;Rich Scheeland;2
251;Aurora Bautista;2
252;Harry Archer;2
253;Gregg Palmer;2
254;Tom Guise;2
255;Joan Collins;2
256;Ray Moyer;2
257;Mauricio Garcés;2
258;Nobel Vega;2
259;Åke Lindman;2
260;Don Stroud;2
261;José Guardiola;2
262;Aura Aurea;2
263;Hardee Kirkland;2
264;Isela Vega;2
265;John St. Polis;2
266;Doug McClure;2
267;Dennis Hopper;2
268;William Conrad;2
269;Vittorio Güttner;2
270;Kingsley Benedict;2
271;Jeffery Patterson;2
272;Enid Bennett;2
273;Stephen Dunne;2
274;Victor Adamson;2
275;George Cooper;2
276;Teala Loring;2
277;Billy 'Red' Jones;2
278;Alejo Álvarez;2
279;Cüneyt Arkin;2
280;Donald Keith;2
281;Alfred Paget;2
282;Cody McCarver;2
283;Gisela Hahn;2
284;Lorraine Randall;2
285;Jack Lord;2
286;Alicja Basili;2
287;Ethel Clayton;2
288;Thornton Edwards;2
289;Carlos East;2
290;Willie Mae Carson;2
291;Minna Redman;2
292;Olin Howland;2
293;Jack Baston;2
294;Scott Marlowe;2
295;Kenneth Brown;2
296;Thomas Holding;2
297;Frank McGlynn Jr.;2
298;Dianne Foster;2
299;Kewpie King;2
300;Ron Perlman;2
301;Barbara Fritchie;2
302;Lillian Savin;2
303;Lynne Seus;2
304;Daisy Romualdez;2
305;Joseph Flores;2
306;A Martinez;2
307;Lloyd Corrigan;2
308;Jack Hopkins;2
309;Howard Truesdale;2
310;Viveca Lindfors;2
311;Luke Kirby;2
312;Aurora Clavel;2
313;Valentín Trujillo;2
314;Robert MacFarland;2
315;Sally Long;2
316;Arthur Brauss;2
317;Juan Gallardo;2
318;Liberty Ilagan;2
319;Barbara Tennant;2
320;Mario Van Peebles;2
321;Tony Di Mitri;2
322;Harriet Hammond;2
323;Peter Carsten;2
324;Donna Reed;2
325;Charlotte Wynters;2
326;Roberto G. Rivera;2
327;Anne Shirley;2
328;Rosalind Keith;2
329;Jeanne Carpenter;2
330;Ann Forrest;2
331;Jerry Pons;2
332;Phyllis Kirk;2
333;Chalet Lizette Brannan;2
334;Edward G. Robinson;2
335;Hal Walters;2
336;Barbara Luddy;2
337;Kenneth MacDonald;2
338;Antonio Cantafora;2
339;A. Edward Sutherland;2
340;Teresa Wright;2
341;Crane Wilbur;2
342;Fred Holmes;2
343;Ramón Gay;2
344;Chief Yowlachie;2
345;Keith Richards;2
346;Polly Moran;2
347;Vince Edwards;2
348;Don Terry;2
349;Rin Tin Tin Jr.;2
350;Silvia Manríquez;2
351;William Cavanaugh;2
352;Yolanda Ciani;2
353;Eric Johnson;2
354;Humphrey Bogart;2
355;Charlotte Merriam;2
356;Evelyn Francisco;2
357;Willeke van Ammelrooy;2
358;William Leslie;2
359;Luigi Vannucchi;2
360;Priscilla Bonner;2
361;Pat Hartigan;2
362;Fred Montague;2
363;Chick Morrison;2
364;Mary McIvor;2
365;Jack Oakie;2
366;Robert Miano;2
367;Joe Bonner;2
368;Ida Lupino;2
369;Ernest Van Pelt;2
370;Rex De Rosselli;2
371;J. Warren Kerrigan;2
372;Carlos Padilla Jr.;2
373;Jack Taylor;2
374;Ralph Byrd;2
375;Raw Leiba;2
376;Britt Wood;2
377;Valeria Fabrizi;2
378;Ernest Shields;2
379;Gerald Milton;2
380;Michael Dietrich;2
381;Feng Ku;2
382;Teodoro Corrà;2
383;Will Jeffries;2
384;Yvette Duguay;2
385;Bernadene Hayes;2
386;Lee Willard;2
387;James Mason;2
388;Vaughn Taylor;2
389;Daniel 'Chino' Herrera;2
390;Frankie Mann;2
391;Harry Griffith;2
392;Stephen Boyd;2
393;Rita Pickering;2
394;Billy Bletcher;2
395;Miguel Ángel Rodríguez;2
396;Sydney Penny;2
397;Joe De Castro;2
398;Robert Keith;2
399;Barbara Rush;2
400;Bobbie Phillips;2
401;Jacqueline Gadsdon;2
402;Fred Kohler Jr.;2
403;Morgan Brown;2
404;Geoffrey Lewis;2
405;Mabel Julienne Scott;2
406;Lilia Prado;2
407;Liv Ullmann;2
408;Felicia Farr;2
409;Leslie Nielsen;2
410;Thunder the Dog;2
411;Alice Braga;2
412;Gregg Barton;2
413;Jacques Berthier;2
414;Denise Darcel;2
415;Ruth Roland;2
416;Magda Konopka;2
417;Evelyne Scott;2
418;Rex;2
419;Lawrence Evenchick;2
420;Cathy O'Donnell;2
421;Roberto Ballesteros;2
422;Frank McHugh;2
423;Michael Pate;2
424;Jason Patric;2
425;Joan Vohs;2
426;Belle Hutchinson;2
427;John Savage;2
428;Violet Schram;2
429;Shirley Jones;2
430;Joan Caulfield;2
431;Beatrice Gray;2
432;Maria Montez;2
433;W.E. Lawrence;2
434;Anne Nagel;2
435;Alicia Vergel;2
436;Stefano Buccella;2
437;Ramón Bugarini;2
438;Duke;2
439;Alan Scott;2
440;Darren McGavin;2
441;Anthony Steel;2
442;Robert Conrad;2
443;Marco Antonio Campos;2
444;Ruta Lee;2
445;Tank Jones;2
446;Rickey Bird Jr.;2
447;Chris Robinson;2
448;Sidney Blackmer;2
449;Kathryn Crawford;2
450;Sam Flint;2
451;Marjorie Rambeau;2
452;Gary Kent;2
453;Barbara Brylska;2
454;Joan Lowell;2
455;Andrew Duggan;2
456;Pepe Rojas;2
457;Caruth C. Byrd;2
458;Enrique Rocha;2
459;Mercedes McCambridge;2
460;Kevin Makely;2
461;Grant Williams;2
462;Gertrude Howard;2
463;Earl Haley;2
464;Carlos Rivas;2
465;Tony Senzamici;2
466;Gordon Scott;2
467;Carroll Baker;2
468;Sam Allen;2
469;Andrew Arbuckle;2
470;Joan Crawford;2
471;Feridun Çölgeçen;2
472;Rosy Zichel;2
473;Inna Gest;2
474;Alain Delon;2
475;Brenda Bakke;2
476;Mary Beth Milford;2
477;Helen Twelvetrees;2
478;Annalica Bates;2
479;Sidney Poitier;2
480;María Silva;2
481;Girard Swan;2
482;Annekathrin Bürger;2
483;Dan White;2
484;Harvey Stephens;2
485;Alejandro Jodorowsky;2
486;Alexander Carroll;2
487;Miguel Contreras Torres;2
488;Karla Cowan;2
489;Tex Keith;2
490;Ruth Whitney;2
491;Virna Lisi;2
492;Delia Magaña;2
493;William Eugene;2
494;Hailee Steinfeld;2
495;Virginia Gilmore;2
496;Mariette Hartley;2
497;Ken Clark;2
498;Hillary Brooke;2
499;True Boardman;2
500;E.K. Lincoln;2
501;Edith Roberts;2
502;Bruce Lane;2
503;Nat Pendleton;2
504;Glenn Langan;2
505;John Freeman;2
506;Billy O'Brien;2
507;Annabelle Lee;2
508;Ben Rainwater;2
509;Allen Holbrook;2
510;Paquito Salcedo;2
511;Barbara Payton;2
512;Isarco Ravaioli;2
513;Ángel Magaña;2
514;James Drury;2
515;P. Dempsey Tabler;2
516;Alfredo Wally Barrón;2
517;Lou Castel;2
518;Lawrence Gray;2
519;Peggy Pearce;2
520;Chief Dan George;2
521;Dorothy Phillips;2
522;Véra Valmont;2
523;Fannie Ward;2
524;Gabriel Casseus;2
525;Jess Lapid Jr.;2
526;May Wynn;2
527;Jane Frazee;2
528;Corinne Calvet;2
529;Patrick Rooney;2
530;Fred Herzog;2
531;Glen Baggerly;2
532;Lew Cody;2
533;Irma Lozano;2
534;Gladys Leslie;2
535;Jan Sterling;2
536;Willard Louis;2
537;William Nigh;2
538;Tom Brown;2
539;Enrique Muiño;2
540;Robert Carradine;2
541;Vincente Howard;2
542;Tim Abell;2
543;Warren Stevens;2
544;José Castro;2
545;Michael Christian;2
546;Donna Hale;2
547;George Waggner;2
548;Mady Lawrence;2
549;Eric Millam;2
550;Robert Culp;2
551;Joanne Woodward;2
552;Pedro Infante Jr.;2
553;Bruno Corazzari;2
554;John Ince;2
555;Rolf Römer;2
556;Theodore Roberts;2
557;Peaches Jackson;2
558;Ethel Fleming;2
559;Pedro de Cordoba;2
560;Ursula Andress;2
561;Charles Wheelock;2
562;Dona Drake;2
563;Rex 'Snowy' Baker;2
564;Russell Gordon;2
565;Nadia Milton;2
566;Hope Emerson;2
567;Doris May;2
568;Flora Hollister;2
569;David Zaizar;2
570;Luciano Rossi;2
571;Amadee Chabot;2
572;Rick Groat;2
573;Marissa Delgado;2
574;Joan Curtis;2
575;José Luis Caro;2
576;Ryan Merriman;2
577;Dorothy Hart;2
578;Vin Moore;2
579;Joey Rocketshoes Dillon;2
580;Arthur Rankin;2
581;Heather Angel;2
582;Pauline Haddon;2
583;Mark Ashworth;2
584;Debra Paget;2
585;Bogusz Bilewski;2
586;Mario Alimari;2
587;Richard Erdman;2
588;Eva Montes;2
589;Alfred Hollingsworth;2
590;Emory Johnson;2
591;Buster Irving;2
592;Jean Carlin;2
593;William Drake;2
594;Mercedes Alonso;2
595;Joyce Meadows;2
596;Milan Beli;2
597;Pat Moore;2
598;Robert Vaughn;2
599;John Castellanos;2
600;Judith Allen;2
601;Thomas Gomez;2
602;Anthony Casanova;2
603;Cecil Spooner;2
604;Ronnie Gene Blevins;2
605;William Black;2
606;Lami Ates;2
607;Duke Worne;2
608;Michael Worth;2
609;Pinkas Braun;2
610;Alyce Mills;2
611;Robert Klein;2
612;Martha Vickers;2
613;James Cardwell;2
614;Shirley Patterson;2
615;D'Urville Martin;2
616;Robert Elliott;2
617;Viola Dana;2
618;Giampiero Albertini;2
619;Tom Tryon;2
620;Sailor Sharkey;2
621;Lule Warrenton;2
622;Lucienne Bridou;2
623;William Human;2
624;Joan Staley;2
625;Barbara Starr;2
626;Howard Vernon;2
627;Dominique Swain;2
628;Satyanarayana Kaikala;2
629;Ryôji Hayama;2
630;Donald Douglas;2
631;Dorothy Clark;2
632;Pearl Sindelar;2
633;Frank Elliott;2
634;Alan Hale Jr.;2
635;Louise Brooks;2
636;John Tyke;2
637;Tromp Terre'blanche;2
638;Chuy Valencia El Cotija;2
639;Marc McDermott;2
640;Marina Camacho;2
641;Helmut Schmid;2
642;Andrew Tombes;2
643;Montie Montana;2
644;Stefanie Powers;2
645;Andrés Mejuto;2
646;Lloyd Battista;2
647;Tom Ward;2
648;Churchill Scott;2
649;Ruth Sullivan;2
650;Jess Medina;2
651;Linda Leighton;2
652;Maria Teresa Sanders;2
653;Agustín de Anda;2
654;Arap Celal;2
655;Alicia Alonzo;2
656;Lucho Córdova;2
657;Lori Nelson;2
658;Maude Emory;2
659;Brad Hunt;2
660;Martine Beswick;2
661;Olive Borden;2
662;Arturo Dominici;2
663;William Brunton;2
664;Lorraine LaVal;2
665;Joaquín García Vargas;2
666;William Demarest;2
667;Roberto Meyer;2
668;Carlos Otero;2
669;Elaine Shepard;2
670;Stephanie Edmonds;2
671;Carole Landis;2
672;Susan Cummings;2
673;Yasar Sener;2
674;Marguerite Chapman;2
675;Stella Razeto;2
676;Floyd Ames;2
677;Ahmet Kostarika;2
678;Spencer Tracy;2
679;Rick Simpson;2
680;John Pringle;2
681;Ethel Grey Terry;2
682;Salvatore Billa;2
683;Sedley Brown;2
684;Rosita Ballesteros;2
685;Rich Henrich;2
686;Randall Oliver;2
687;John Hagin;2
688;Frona Hale;2
689;Joan Evans;2
690;Jess Hahn;2
691;Jane Reid;2
692;Paul Weigel;2
693;José Espinosa;2
694;Nigel Davenport;2
695;Liza Lorena;2
696;Jack Lambert;2
697;Oscar Apfel;2
698;Bárbara Gil;2
699;Figen Say;2
700;Ruth Findlay;2
701;Elsa Martinelli;2
702;Jack Donovan;2
703;Arthur Housman;2
704;Brandon De Wilde;2
705;Ray Saunders;2
706;Carlos Salazar;2
707;Jack Dill;2
708;Robert Redford;2
709;Norbert Cills;2
710;Frances Lee;2
711;Joe Ray;2
712;Ángel del Pozo;2
713;Gloria Osuna;2
714;Robert Young;2
715;Greta Granstedt;2
716;Daniela Giordano;2
717;Nevzat Açikgöz;2
718;Doris Kenyon;2
719;Yôko Minamida;2
720;John Lupton;2
721;Verónica Loyo;2
722;Ralph Yearsley;2
723;Elmo Billings;2
724;Warner Oland;2
725;Dorothy Vernon;2
726;Wadsworth Harris;2
727;Piero Vida;2
728;Rose Blossom;2
729;Mary Murphy;2
730;Jim Brown;2
731;Arthur Space;2
732;Malcolm Waite;2
733;Jane Talent;2
734;Oktay Yavuz;2
735;Leif Erickson;2
736;Helen Wolcott;2
737;Catherine Bennett;2
738;Cuyler Supplee;2
739;Tony Curtis;2
740;Virginia Marshall;2
741;John McGuire;2
742;Patrice Wymore;2
743;Ethel Wales;2
744;Zon Murray;2
745;Riccardo Garrone;2
746;Gardner James;2
747;Damian O'Flynn;2
748;Salih Güney;2
749;Marsha Hunt;2
750;William Phipps;2
751;Texas Jim Lewis;2
752;William Campbell;2
753;Kathryn Adams;2
754;Wolfgang Lukschy;2
755;Maxine Leslie;2
756;Terance Berry;2
757;Harry Bowen;2
758;Aline Towne;2
759;Caterina Trentini;2
760;Lucille Powers;2
761;Craig Woods;2
762;Lew Ayres;2
763;Magda Lane;2
764;Lana Wood;2
765;Barbara Nelli;2
766;Marjorie Manners;2
767;Rubén Rojo;2
768;José Canalejas;2
769;Ece Cansel;2
770;Ann Doran;2
771;Helene Chadwick;2
772;Frank Mills;2
773;Bert De Marc;2
774;Kay Morley;2
775;Pat Gleason;2
776;Sabine Bethmann;2
777;Joe Lawliss;2
778;Aïché Nana;2
779;Kathleen Kirkham;2
780;Dorothy Mackaill;2
781;Lightning the Horse;2
782;Ersun Kazançel;2
783;Newton House;2
784;Matimtiman Cruz;2
785;Donald Kirke;2
786;Margaret Hayes;2
787;Margaret Loomis;2
788;Roddy McDowall;2
789;Irma Serrano;2
790;Vane Calvert;2
791;Jolanda Modio;2
792;Ann McKay;2
793;Florence Turner;2
794;Gale Sondergaard;2
795;Margaret Cullington;2
796;Don Porter;2
797;Black King;2
798;Jeffrey Williams;2
799;Charo López;2
800;Tote Du Crow;2
801;Jan Merlin;2
802;Constance Bennett;2
803;Walter Coy;2
804;Harry Girard;2
805;Vonetta McGee;2
806;Lloyd Hughes;2
807;María Esquivel;2
808;Joe Moore;2
809;Massimo Righi;2
810;Florence Vidor;2
811;Richard Jaeckel;2
812;Letícia Román;2
813;Ángel Aranda;2
814;Kathleen Eliot;2
815;Nancy Deshon;2
816;Chubby Johnson;2
817;Bob Soler;2
818;Tony Ka Fai Leung;2
819;Carol Hughes;2
820;Vic Silayan;2
821;Ray Ripley;2
822;Franco Giornelli;2
823;Jan-Michael Vincent;2
824;Michael Paré;2
825;Marlene Dietrich;2
826;Gani Dede;2
827;Ernest Torrence;2
828;Paula Stone;2
829;Arthur Hoyt;2
830;Richard Basehart;2
831;Charles Delaney;2
832;Byron Foulger;2
833;Robert N. Bradbury;2
834;Tano Cimarosa;2
835;Ralph Johnson;2
836;Richard Eyer;2
837;La Prieta Linda;2
838;Tommy Rettig;2
839;Sara Montes;2
840;Dave Winter;2
841;Kazan the Wonder Dog;2
842;Richard Jordan;2
843;Ivano Staccioli;2
844;Robert Seiter;2
845;Janis Carter;2
846;Bruce Cowling;2
847;Jeff Morrow;2
848;Elvis Presley;2
849;Alberto Tejada;2
850;Lillian West;2
851;Patricia Aspíllaga;2
852;Ron Ely;2
853;Maretta Procaccini;2
854;Francis Carpenter;2
855;Tom Chatterton;2
856;James Bradbury Jr.;2
857;Lorena Andrea;2
858;William T. Hayes;2
859;Rex Ray;2
860;Arthur Mackley;2
861;Ruth Fuller Golden;2
862;Ricardo Montalban;2
863;Rhea Mitchell;2
864;Buddy Hunter;2
865;Gaby André;2
866;Casey Tibbs;2
867;Bertha Moss;2
868;Dick Winslow;2
869;Martha Valdés;2
870;Rubens da Silva Prado;2
871;Dale Van Sickel;2
872;Barbara Werle;2
873;William Ruhl;2
874;Milton Sills;2
875;Thomas Hunter;2
876;Tom Shirley;2
877;Robert Bice;2
878;Lee Powell;2
879;John Bromfield;2
880;Theodore Henderson;2
881;William L. Thorne;2
882;Mari Blanchard;2
883;Linda Douglas;2
884;Hector Dion;2
885;Jesse Collver;2
886;Maria Grazia Buccella;2
887;Kay Buckley;2
888;David Hess;2
889;May Robson;2
890;Carlo Gaddi;2
891;Kathleen Myers;2
892;Tex Starr;2
893;Jean Willes;2
894;Sally Payne;2
895;Grainger Hines;2
896;Leslie Easterbrook;2
897;Fernando Osés;2
898;Roberto Messina;2
899;Robert Milasch;2
900;Mario Cid;2
901;Joy Lewis;2
902;Marian Carr;2
903;Sam Hennings;2
904;Bowditch M. Turner;2
905;Isaura Espinoza;2
906;Giray Alpan;2
907;Ralph Roberts;2
908;Raúl Meraz;2
909;Flash;2
910;Marie Harmon;2
911;Ward Crane;2
912;Renalto Alves;2
913;Scott Forbes;2
914;DeWitt Jennings;2
915;Gregorio Angelucci;2
916;Fern Emmett;2
917;Anita Ekberg;2
918;Paul Willis;2
919;Ashlyn Rainn Holmes;2
920;John Archer;2
921;Tommy Flanagan;2
922;Jon Cypher;2
923;Joan Renee;2
924;Zalla Zarana;2
925;Frank Fenton;2
926;Luciana Paluzzi;2
927;Baby Charlene Barry;2
928;Fanny Schiller;2
929;Dick Botiller;2
930;Gene Lockhart;2
931;Paul Winters;2
932;Guillermo Méndez;2
933;Stelvio Rosi;2
934;Doug Krahn;2
935;Robert Kellard;2
936;Hugo Blanco;2
937;Christian J. Frank;2
938;Curley Baldwin;2
939;Dan Dovidio;2
940;Margaret Marquis;2
941;Pat Hingle;2
942;Hanna Hertelendy;2
943;Zahn McClarnon;2
944;Dorris Dare;2
945;Delia Scala;2
946;William Buckley;2
947;Sonia Furió;2
948;Edward LeSaint;2
949;Paul Sutton;2
950;Ed Begley;2
951;Tom Burlinson;2
952;Dennis Ambriz;2
953;Ferris Taylor;2
954;Saul Brooks;2
955;Rik Van Nutter;2
956;Berting Labra;2
957;Arletta Duncan;2
958;Justin Kreinbrink;2
959;Robert Walker;2
960;Augusto Benedico;2
961;Claudia Barrett;2
962;Charlie Ward;2
963;DJ Perry;2
964;Cliff Robertson;2
965;Enver Güney;2
966;Ron E. Harris;2
967;Yvonne Pelletier;2
968;Jack Dean;2
969;David Torrence;2
970;Ahmet Sert;2
971;Buster Gardner;2
972;Sam White;2
973;Milla Sannoner;2
974;Carmen Guash;2
975;Parker Stevenson;2
976;Emily Barrye;2
977;Guillermina Téllez Girón;2
978;Robert Emmett Keane;2
979;Brad Dexter;2
980;Philip Ford;2
981;Rance Howard;2
982;Patty Shepard;2
983;Mabel Bardine;2
984;Frank Abbott;2
985;Old Blue;2
986;Christina Jo'Leigh;2
987;Senator the Horse;2
988;Florence Lee;2
989;Tanya Clarke;2
990;Marjorie Main;2
991;Irene Bentley;2
992;Teddy Alencar;2
993;Dante Varona;2
994;Hobart Cavanaugh;2
995;Simon Oakland;2
996;Ramiro Orci;2
997;Clifford Bruce;2
998;Al Hallett;2
999;Richard Anderson;2
1000;Viggo Mortensen;2
1001;Bobbie Mack;2
1002;Lillian Gale;2
1003;Carlyle Blackwell;2
1004;Agnes Vernon;2
1005;Dewey Martin;2
1006;Carolyn Craig;2
1007;Willie Nelson;2
1008;Carmen Phillips;2
1009;Jean-Marie Pallardy;2
1010;Vic Morrow;2
1011;Bruno Rey;2
1012;Nancy Roman;2
1013;Patricia Conde;2
1014;William Collier Jr.;2
1015;Charles Gunn;2
1016;Johnny Crawford;2
1017;Ricardo Cortez;2
1018;Jesús Tordesillas;2
1019;Funda Ege;2
1020;Edward W. Borman;2
1021;Howard Crampton;2
1022;Ray Turner;2
1023;Fritz Leiber;2
1024;George Walsh;2
1025;Dennis Weaver;2
1026;Carlton S. King;2
1027;Jack Byron;2
1028;Jack Henderson;2
1029;Renato Robles;2
1030;Rod Taylor;2
1031;Sevgi Can;2
1032;Grace Woods;2
1033;Jacques Herlin;2
1034;Ruth Renick;2
1035;Kadir Kök;2
1036;Bill Coontz;2
1037;Yusuf Sezgin;2
1038;Süleyman Turan;2
1039;Valentin Trujillo Jr.;2
1040;Cesare Gravina;2
1041;Eleanor Boardman;2
1042;Batatinha;2
1043;Larry Ward;2
1044;Michael Parks;2
1045;Sarah Ross;2
1046;Gordon Tootoosis;2
1047;T.D. Crittenden;2
1048;Ranger the Dog;2
1049;Milton Rodríguez;2
1050;Antonio Aguilar hijo;2
1051;Hortense Espey;2
1052;Telly Savalas;2
1053;Henry Duval;2
1054;Ethel Ritchie;2
1055;Lynn Bari;2
1056;Carlos Romero Marchent;2
1057;Toy Gallagher;2
1058;Rod Dana;2
1059;Louella Maxam;2
1060;Beryl Wallace;2
1061;Charles H. Hickman;2
1062;Maria Schell;2
1063;George Lessey;2
1064;Terry Walker;2
1065;Barbara Bestar;2
1066;George Reed;2
1067;Michael J. Pollard;2
1068;Todd Allen;2
1069;Yona Landowska;2
1070;Paul Ford;2
1071;Mickey Rooney;2
1072;Jere Austin;2
1073;Milton Ribeiro;2
1074;Janet Chandler;2
1075;Louise Currie;2
1076;Sally Rand;2
1077;Ely Ramos Jr.;2
1078;Gladden James;2
1079;Perry King;2
1080;Fred DeSilva;2
1081;Halina Zalewska;2
1082;Wilfrid North;2
1083;Victor Sutherland;2
1084;Dan Kemp;2
1085;James Whitmore;2
1086;Dan Braun;2
1087;Robert Padilla;2
1088;Gaspar 'Indio' González;2
1089;Eugene Strong;2
1090;Rene Auberjonois;2
1091;Nell Shipman;2
1092;Altan Bozkurt;2
1093;Merna Kennedy;2
1094;Harris Gordon;2
1095;Annabella Incontrera;2
1096;Blanca Guerra;2
1097;Burr McIntosh;2
1098;Ben Alexander;2
1099;Carlo Giordana;2
1100;Mary Charleson;2
1101;Wolfgang Kieling;2
1102;Molly O'Day;2
1103;Kewpie Morgan;2
1104;Burke De Boer;2
1105;Claire Windsor;2
1106;Eddie Perez;2
1107;Yavuz Selekman;2
1108;Margaret Lindsay;2
1109;Ruth Dwyer;2
1110;Shug Fisher;2
1111;Fred Starr;2
1112;Nikos Kourkoulos;2
1113;Sirmar Antunes;2
1114;Bill Oberst Jr.;2
1115;Manuel Monroy;2
1116;Neal Ohmart;2
1117;Carmen Bailey;2
1118;Natalie Kingston;2
1119;Eli Wallach;2
1120;Marie Quillan;2
1121;Ricardo Palacios;2
1122;Mary Wynn;2
1123;Lupita Tovar;2
1124;Jack La Rue;2
1125;Alejandro Reyna;2
1126;Evelyn Venable;2
1127;Phyllis Haver;2
1128;V.L. Barnes;2
1129;Hagen Smith;2
1130;Luis Avalos;2
1131;Ben Hall;2
1132;Noreen Nash;2
1133;S.Z. Sakall;2
1134;Brian Wimmer;2
1135;Roberta Gale;2
1136;Dustin Lane;2
1137;Gwen Gaze;2
1138;Marilyn Maxwell;2
1139;Stewart Petersen;2
1140;Alan Hale;2
1141;Mariangela Giordano;2
1142;Gail Patrick;2
1143;Horst Schulze;2
1144;Mala Powers;2
1145;Raúl Luzardo;2
1146;Hayal Sirer;2
1147;Pedro Regas;2
1148;Miriam Jurado;2
1149;Jean Reno;2
1150;Atif Kaptan;2
1151;Joan Hackett;2
1152;Frances Conrad;2
1153;Colin Kenny;2
1154;Harold Landon;2
1155;Carlos Alberto;2
1156;Michael Madsen;2
1157;Rod Steiger;2
1158;Yasar Güçlü;2
1159;Sonny Tufts;2
1160;Lilian Bond;2
1161;Sheila Terry;2
1162;Charlie Davao;2
1163;Sidney Franklin;2
1164;Mae Clarke;2
1165;Alice Claire Elliott;2
1166;Gene Roth;2
1167;Marta Padovan;2
1168;Ramon Revilla;2
1169;Darrell Foss;2
1170;Carolyn Wagner;2
1171;Patsy De Forest;2
1172;Buddy Clements;2
1173;Phyllis Adair;2
1174;Cuco Sánchez;2
1175;John Copeland;2
1176;Gail Russell;2
1177;Anthony Perkins;2
1178;John Steiner;2
1179;Dorothy Janis;2
1180;Patricio Contreras;2
1181;Seyhan Gümüs;2
1182;Inger Stevens;2
1183;Lucille Lund;2
1184;Leon Niemczyk;2
1185;Wade Crosby;2
1186;Vic Pacia;2
1187;Victor Mature;2
1188;Edward Howard;2
1189;George Beranger;2
1190;Alfonso Mejía;2
1191;Jean Peters;2
1192;Diana Reed;2
1193;Jean Brooks;2
1194;Robert Taber;2
1195;Gérard Barray;2
1196;Bomber Moran;2
1197;Clyde Cook;2
1198;Diana Miller;2
1199;Ray Hanford;2
1200;Enver Dönmez;2
1201;Christopher Walken;2
1202;Phyllis Barrington;2
1203;Lisa Montell;2
1204;Olivia de Havilland;2
1205;Tess Harper;2
1206;Marcella Michelangeli;2
1207;James Newill;2
1208;Dutch Maley;2
1209;Luz María Aguilar;2
1210;Leonard Trainor;2
1211;George Kunkel;2
1212;Francisco Cataldo;2
1213;Barry Kelley;2
1214;Vince Barnett;2
1215;Janis Paige;2
1216;Frank Newton;2
1217;Martha Roth;2
1218;Juan Peláez;2
1219;Tom O'Brien;2
1220;Rosenda Bernal;2
1221;Roy Bassett;2
1222;Maria Francesca;2
1223;Sergio Barrios;2
1224;Howard Keel;2
1225;Richard Conte;2
1226;Luigi Giuliani;2
1227;Samuel S. Hinds;2
1228;Tex Harding;2
1229;Gloria Marín;2
1230;Jo Morrow;2
1231;Nina Quartero;2
1232;Rusty Dillen;2
1233;Willie Sotelo;2
1234;Robert F. McGowan;2
1235;Michael Dante;2
1236;Maude George;3
1237;Pierre Watkin;3
1238;Frank Keenan;3
1239;Claudie Lange;3
1240;Armando Soto La Marina;3
1241;Leyla Basar;3
1242;Genee Boutell;3
1243;Seena Owen;3
1244;José Jaspe;3
1245;Dean Stockwell;3
1246;James Garner;3
1247;Hélène Chanel;3
1248;James O. Barrows;3
1249;Sylvia Breamer;3
1250;Eddie Barry;3
1251;Murray Miller;3
1252;J. Frank Burke;3
1253;Edwards Davis;3
1254;Jesús Gómez;3
1255;Jack Kenny;3
1256;Michael Forest;3
1257;María Luz Galicia;3
1258;Tex O'Reilly;3
1259;William R. Dunn;3
1260;Dean Martin;3
1261;Frank LaRue;3
1262;Roy Roberts;3
1263;Mara Corday;3
1264;Clyde McClary;3
1265;Andrew W. Walker;3
1266;Bruce Davison;3
1267;Bessie Barredo;3
1268;George Ovey;3
1269;Beverly Tyler;3
1270;Frederick Moore;3
1271;David Kirby;3
1272;Milton Kibbee;3
1273;David Carradine;3
1274;Davison Clark;3
1275;Emmett King;3
1276;Mario Novelli;3
1277;Skeeter Bill Robbins;3
1278;Allison Hayes;3
1279;Dorothy Lee;3
1280;L.M. Wells;3
1281;Leo White;3
1282;Nuria Torray;3
1283;Neola May;3
1284;Renato Baldini;3
1285;John Smiley;3
1286;Janet Shaw;3
1287;Gloria Shea;3
1288;Imelda Ilanan;3
1289;Bo Hopkins;3
1290;Crispian Belfrage;3
1291;Russ Tamblyn;3
1292;Noel Francis;3
1293;Wanda McKay;3
1294;Andy Poe;3
1295;José Truchado;3
1296;Milan Peschel;3
1297;Rossano Brazzi;3
1298;Ana Luisa Peluffo;3
1299;Elias Bullock;3
1300;Bert Woodruff;3
1301;Marshall R. Teague;3
1302;Özdemir Akin;3
1303;Wotan Wilke Möhring;3
1304;Barbara Hershey;3
1305;Jane Nigh;3
1306;Jack Padjan;3
1307;Louisa Stark;3
1308;Kristine Miller;3
1309;Helen Lynch;3
1310;Bob Terry;3
1311;George Brent;3
1312;Milton J. Fahrney;3
1313;Joseph Singleton;3
1314;Mignonne Golden;3
1315;Hugh Saxon;3
1316;Milla Davenport;3
1317;Anna Lehr;3
1318;Albert Salmi;3
1319;Maureen Hingert;3
1320;Rex Lapid;3
1321;Mae Busch;3
1322;Franco Borelli;3
1323;Francis Walker;3
1324;Alberto de Mendoza;3
1325;Guy Usher;3
1326;Don Haggerty;3
1327;Seyyal Taner;3
1328;Gig Young;3
1329;John Mills;3
1330;Margaret Field;3
1331;Gino Corrado;3
1332;Kiefer Sutherland;3
1333;Adriana Ambesi;3
1334;Johnny Wilson;3
1335;Anna Gonzales;3
1336;Lorenzo Fineschi;3
1337;Hal Wilson;3
1338;Jan Bryant;3
1339;Enid Markey;3
1340;William Gillis;3
1341;Jack Gardner;3
1342;Javier Solís;3
1343;Ana Bertha Lepe;3
1344;Dan Beck;3
1345;Reiko Sassamori;3
1346;Susan Tyrrell;3
1347;Frances Gifford;3
1348;White Flash;3
1349;Walter Matthau;3
1350;Ray Middleton;3
1351;Virginia Lee;3
1352;Karin Dor;3
1353;Colleen Moore;3
1354;Jack Rollens;3
1355;Harald Leipnitz;3
1356;Cliff Edwards;3
1357;Chris Avram;3
1358;Charles West;3
1359;Gina Laforteza;3
1360;Scott Glenn;3
1361;Jô Shishido;3
1362;John Miljan;3
1363;Charles Colby;3
1364;Ezar Visenio;3
1365;Russell Hopton;3
1366;Geoff Barron;3
1367;Jay C. Flippen;3
1368;Rosario del Pilar;3
1369;Robin Aristorenas;3
1370;Patricia Knox;3
1371;Dot Farley;3
1372;Al Wilson;3
1373;Irfan Atasoy;3
1374;James Brown;3
1375;Lyle Bettger;3
1376;Rita Moreno;3
1377;James Mitchum;3
1378;Rosemarie Gil;3
1379;Evangelina Elizondo;3
1380;Ray Teal;3
1381;Ruth Roman;3
1382;Alys Murrell;3
1383;Bill Nestell;3
1384;Geneva Mitchell;3
1385;Patsy Ruth Miller;3
1386;Erville Alderson;3
1387;Val Kilmer;3
1388;Harry Tenbrook;3
1389;Victor Allen;3
1390;Jack Connolly;3
1391;Susan Clark;3
1392;Charles Schaeffer;3
1393;Arthur Loft;3
1394;Barbara Kent;3
1395;Lynne Carver;3
1396;Walter Barnes;3
1397;Art Davis;3
1398;Leo Gordon;3
1399;Claudia Islas;3
1400;Jack Walters;3
1401;Dan Vadis;3
1402;Tom Wilson;3
1403;Paul Newman;3
1404;Bambi Allen;3
1405;Clarence Burton;3
1406;Djoko Rosic;3
1407;Bernabé Melendrez;3
1408;Mila Montañez;3
1409;Gary Busey;3
1410;Lloyd Whitlock;3
1411;Howard Duff;3
1412;Ervin Renard;3
1413;Romaine Fielding;3
1414;Forrest Stanley;3
1415;Rodolfo Hoyos Jr.;3
1416;Doreen Turner;3
1417;Kevin Sorbo;3
1418;Fernando Rey;3
1419;Kisaburô Kurihara;3
1420;Mildred Coles;3
1421;Simonetta Vitelli;3
1422;Herbert Heyes;3
1423;Silvia Solar;3
1424;Robert Wagner;3
1425;Shepperd Strudwick;3
1426;Artie Ortego;3
1427;Alma Rubens;3
1428;Mitchell Lewis;3
1429;Víctor Manuel Mendoza;3
1430;Jeff Fahey;3
1431;Mary MacLaren;3
1432;Jing Abalos;3
1433;Audrey Long;3
1434;Paul Kelly;3
1435;Marlon Brando;3
1436;Enrique Lucero;3
1437;Barbara Leonard;3
1438;Victoria Vinton;3
1439;Alberto Dell'Acqua;3
1440;Edwin Wallock;3
1441;Pamela Tudor;3
1442;Matthew Ryan Anderson;3
1443;Nola Luxford;3
1444;Gérard Herter;3
1445;Martin Kove;3
1446;Eddie Dunn;3
1447;Edward Heim;3
1448;Levent Çakir;3
1449;Dorothy Dalton;3
1450;Henry Wilcoxon;3
1451;Charles McHugh;3
1452;Carl Benton Reid;3
1453;Frank MacQuarrie;3
1454;L.Q. Jones;3
1455;Diane Brewster;3
1456;Fiorella Mannoia;3
1457;Mabel Ballin;3
1458;John Doucette;3
1459;Nik Xhelilaj;3
1460;Winifred Kingston;3
1461;Robert Gordon;3
1462;Walter Perkins;3
1463;Jane Russell;3
1464;Irving Bacon;3
1465;Slim Cole;3
1466;María Martín;3
1467;Marion Weldon;3
1468;Joe Goodboy;3
1469;Don Megowan;3
1470;Gary Merrill;3
1471;Louis Bennison;3
1472;Sebastião Grandim;3
1473;Al J. Jennings;3
1474;Lee Hill;3
1475;Marian Nixon;3
1476;Slim Summerville;3
1477;Richard Rust;3
1478;Bill McKinney;3
1479;Bob Williamson;3
1480;Archie Twitchell;3
1481;Terry Moore;3
1482;Arnold Korff;3
1483;Ron Soble;3
1484;Dolores Rousse;3
1485;José Bódalo;3
1486;Mario Escudero;3
1487;Al Kaufman;3
1488;Jack Waltemeyer;3
1489;Sidney De Gray;3
1490;Danny Rojo;3
1491;Jerome La Grasse;3
1492;Alma Deer;3
1493;Colleen Miller;3
1494;Thurston Hall;3
1495;Colea Rautu;3
1496;Clarence Arper;3
1497;Emilio Garibay;3
1498;Audrey Dalton;3
1499;William Bendix;3
1500;Robert Arthur;3
1501;René Cardona Jr.;3
1502;Gladys Brockwell;3
1503;Alberto Mariscal;3
1504;Jean Hersholt;3
1505;Stanley Fields;3
1506;Rupert Julian;3
1507;Jan Clayton;3
1508;Floyd Shackelford;3
1509;Luciana Gilli;3
1510;Luciano Conti;3
1511;Raúl Ramírez;3
1512;Germán Cobos;3
1513;Maurice Poli;3
1514;Francis X. Bushman;3
1515;Andrée Tourneur;3
1516;Jerry Chesser;3
1517;Frances Dee;3
1518;Roberto Miali;3
1519;Marty Robbins;3
1520;Weldon Heyburn;3
1521;Mattie Witting;3
1522;Arnold Mendoza;3
1523;June Johnson;3
1524;Don C. Harvey;3
1525;José Manuel Martín;3
1526;Glynn Praesel;3
1527;Rhonda Fleming;3
1528;Agnès Spaak;3
1529;Rosemary Theby;3
1530;Renée Adorée;3
1531;Michael Gregory;3
1532;Lucha Moreno;3
1533;Candice Bergen;3
1534;Cristina Penz;3
1535;Victor Potel;3
1536;Pauline Moore;3
1537;Robert Hossein;3
1538;Carl von Schiller;3
1539;Albert Morrison;3
1540;Harry Carter;3
1541;Anne Sheridan;3
1542;William V. Mong;3
1543;Ray Childs;3
1544;Dorothy Dunbar;3
1545;Nancy Deaver;3
1546;Doris Brook;3
1547;Daniel Martín;3
1548;Blanche Sweet;3
1549;Charles Stevens;3
1550;Troy Donahue;3
1551;Fay McKenzie;3
1552;Patrick Stark;3
1553;Hilliard Karr;3
1554;Irene Hunt;3
1555;Francis X. Bushman Jr.;3
1556;William B. Davidson;3
1557;R. Henry Grey;3
1558;Von Serna;3
1559;Dada Gallotti;3
1560;Giulia Rubini;3
1561;Hugh Allan;3
1562;Mary Jane Irving;3
1563;George Stanley;3
1564;Gustavo Rojo;3
1565;Frank Lovejoy;3
1566;Marjorie Lord;3
1567;Robert Hutton;3
1568;Helen Broneau;3
1569;Marie Wells;3
1570;John Richardson;3
1571;James Warren;3
1572;Fernando Fernández;3
1573;Giacomo Rossi Stuart;3
1574;Lita Milan;3
1575;Chuck Morrison;3
1576;Frank Borzage;3
1577;Texas Guinan;3
1578;Charles Thurston;3
1579;Nell Brantley;3
1580;Edith Storey;3
1581;Heinie Conklin;3
1582;Aynur Akarsu;3
1583;Alice Arno;3
1584;Vicente Liwanag;3
1585;Renee Borden;3
1586;Guy Stockwell;3
1587;Guglielmo Spoletini;3
1588;Rosa María Gallardo;3
1589;Donald Woods;3
1590;Louise Glaum;3
1591;Ariadne Welter;3
1592;Ray Danton;3
1593;Betty Francisco;3
1594;June Elvidge;3
1595;Héctor Suárez;3
1596;Jack Ponder;3
1597;Denver Pyle;3
1598;Ora Carew;3
1599;Jason Robards;3
1600;Ralf Wolter;3
1601;Jack P. Pierce;3
1602;Frank Currier;3
1603;Robert Fiske;3
1604;Gene Tierney;3
1605;Louis Durham;3
1606;Jorge Luke;3
1607;Ivor McFadden;3
1608;Luisa Baratto;3
1609;Giuseppe Cardillo;3
1610;Helen Parrish;3
1611;Richard Headrick;3
1612;Antonio Casas;3
1613;Michèle Girardon;3
1614;Carlos Cardán;3
1615;Brinsley Shaw;3
1616;Veda Ann Borg;3
1617;Lucille Young;3
1618;James Kirkwood;3
1619;Tex Hill;3
1620;Nancy Saunders;3
1621;James T. Kelley;3
1622;David Butler;3
1623;Frederick Lee;3
1624;Ernest Hilliard;3
1625;Joan Taylor;3
1626;Peggy Shaw;3
1627;Ethel Shannon;3
1628;Morgan Davis;3
1629;Hugh Marlowe;3
1630;Gina Romand;3
1631;Frank Baker;3
1632;Wesley Barry;3
1633;Richard Emory;3
1634;Marjorie Bonner;3
1635;Walter Reed;3
1636;Will Rogers Jr.;3
1637;Robert Sterling;3
1638;Brent Kublick;3
1639;Bud Spencer;3
1640;Gary Grimes;3
1641;Violet Palmer;3
1642;George Kennedy;3
1643;Lamar Johnstone;3
1644;Edward Keane;3
1645;Shirley Grey;3
1646;Andrea Giordana;3
1647;Rosa María Vázquez;3
1648;Francis Powers;3
1649;Richard Carlson;3
1650;Sugar Dawn;3
1651;Elinor Field;3
1652;B. Reeves Eason Jr.;3
1653;Lloyd Bacon;3
1654;Miguel Ángel Ferriz;3
1655;Hal Price;3
1656;Frank Ferguson;3
1657;Norman Willis;3
1658;Bessie Eyton;3
1659;Henry Silva;3
1660;John Marley;3
1661;Pat Brady;3
1662;Joseph Calleia;3
1663;Genevieve Blinn;3
1664;Leonor Llausás;3
1665;Stanley Brown;3
1666;Joan Weldon;3
1667;Hayward Mack;3
1668;Dan Haggerty;3
1669;Steve McQueen;3
1670;Jackie Cooper;3
1671;June Gale;3
1672;Eric Roberts;3
1673;Marion Burns;3
1674;Sofía Álvarez;3
1675;Tom Kennedy;3
1676;Gordon De Main;3
1677;Freddy Fernández;3
1678;George Holt;3
1679;Gordon Griffith;3
1680;Gene Alsace;3
1681;Don Wilson;3
1682;Fred Beir;3
1683;Darby Hinton;3
1684;Hugh Sanders;3
1685;Valerie French;3
1686;Ali Sen;3
1687;Lawford Davidson;3
1688;Franz Hofmann;3
1689;Stephen Forsyth;3
1690;Matt McCoy;3
1691;Naomi Judge;3
1692;José Gálvez;3
1693;Abby Dalton;3
1694;Charly Bravo;3
1695;Feri Cansel;3
1696;Conrado San Martín;3
1697;Armando Acosta;3
1698;Peter Brown;3
1699;Evi Marandi;3
1700;Georgia Hale;3
1701;Arzu Okay;3
1702;Karen Steele;3
1703;John Derek;3
1704;Carolina Cotton;3
1705;Johnny Ray Gibbs;3
1706;Lucy Beaumont;3
1707;Carroll Nye;3
1708;Donald Sutherland;3
1709;Joe Bonomo;3
1710;Stanley Taylor;3
1711;Adele Jergens;3
1712;William Talman;3
1713;Marie Walcamp;3
1714;Kit Guard;3
1715;Montagu Love;3
1716;Donald Reed;3
1717;Herbert Prior;3
1718;Anthony Caruso;3
1719;Shelley Winters;3
1720;George B. Williams;3
1721;John Beck;3
1722;Rodolfo Acosta;3
1723;Janice Rule;3
1724;Claudia Cardinale;3
1725;Walt Whitman;3
1726;Sheila Ryan;3
1727;William Ching;3
1728;Conway Tearle;3
1729;Mae Giraci;3
1730;Garry O'Dell;3
1731;Maureen O'Hara;3
1732;Charles Avery;3
1733;Rick Guinn;3
1734;Frank Faylen;3
1735;Jane Miller;3
1736;El Brendel;3
1737;Carla Balenda;3
1738;Stanley Price;3
1739;George Davis;3
1740;Helena Carter;3
1741;Lou Diamond Phillips;3
1742;Sema Yaprak;3
1743;Maggie de la Riva;3
1744;Albert Prisco;3
1745;William Royle;3
1746;Glenn Saxson;3
1747;Victor McLaglen;3
1748;Charles O'Malley;3
1749;Leon Beaumon;3
1750;Roberto Camardiel;3
1751;Harry Harvey;3
1752;Carmelita Geraghty;3
1753;Betty Bronson;3
1754;Rebel;3
1755;Christian Slater;3
1756;Bert Lytell;3
1757;Bruno Piergentili;3
1758;Patricia Rivera;3
1759;Betty Carter;3
1760;Michael Ansara;3
1761;Martin Cichy;3
1762;Susan Cabot;3
1763;Anne Schaefer;3
1764;Héctor Godoy;3
1765;Ettore Manni;3
1766;Thomas Delmar;3
1767;James Griffith;3
1768;Mónica Randall;3
1769;Charles Middleton;3
1770;Aldo Monti;3
1771;Robert Cain;3
1772;Ann May;3
1773;Jerome Courtland;3
1774;Carlos Rotzinger;3
1775;Kenneth Copeland;3
1776;Kane Richmond;3
1777;Nicoletta Machiavelli;3
1778;Harry De Vere;3
1779;Jack Rube Clifford;3
1780;Randy Travis;3
1781;Perla Cristal;3
1782;Ken Blount;3
1783;John Laurenz;3
1784;Folco Lulli;3
1785;Angelo Ventura;3
1786;George Webb;3
1787;Lou Fulton;3
1788;June Martel;3
1789;Eva Thatcher;3
1790;Archie Ricks;3
1791;Akim Tamiroff;3
1792;Mirelly Taylor;3
1793;Albert MacQuarrie;3
1794;Virginia Carroll;3
1795;Pauline Starke;3
1796;Virginia Belmont;3
1797;Polly Ann Young;3
1798;Frank Ball;4
1799;Jack Anthony;4
1800;Clifford Davidson;4
1801;Beverly Garland;4
1802;Mathilde Brundage;4
1803;Alan Roscoe;4
1804;Gale Storm;4
1805;Betty Compson;4
1806;Fred Williamson;4
1807;Jessie Arnold;4
1808;Sam Nelson;4
1809;Neil Hamilton;4
1810;Merry Anders;4
1811;Richard Wyler;4
1812;Ranger Bill Miller;4
1813;Jean Louis;4
1814;Luis Aragón;4
1815;Attilio Dottesio;4
1816;J. Frank Glendon;4
1817;James Gordon;4
1818;John Carroll;4
1819;D. Mitsoras;4
1820;George A. McDaniel;4
1821;Müjgan Agrali;4
1822;Katy Jurado;4
1823;Steve Darrell;4
1824;Gregorio Casal;4
1825;Virginia True Boardman;4
1826;Bert Hadley;4
1827;Richard Fiske;4
1828;Douglas Evans;4
1829;Arthur Hunnicutt;4
1830;James Seay;4
1831;Mahlon Hamilton;4
1832;Tony Vieira;4
1833;Bruce Dern;4
1834;Joseph Cotten;4
1835;Allan Sears;4
1836;Harry Shannon;4
1837;Donald Crisp;4
1838;Richard Carlyle;4
1839;Guido Lollobrigida;4
1840;Walter Maly;4
1841;Frank Braidwood;4
1842;William Fawcett;4
1843;Nita Cavalier;4
1844;Silver King the Horse;4
1845;Jesús Puente;4
1846;John T. Prince;4
1847;Jack Rockwell;4
1848;Claire McDowell;4
1849;Antrim Short;4
1850;Süha Dogan;4
1851;James Caan;4
1852;Evelyn Selbie;4
1853;Evelyn Brent;4
1854;Linda Cristal;4
1855;Lola Albright;4
1856;Christine Larson;4
1857;Hector V. Sarno;4
1858;Behçet Nacar;4
1859;N.E. Hendrix;4
1860;Faith Domergue;4
1861;Dencio Padilla;4
1862;Claude Akins;4
1863;Ivan Rassimov;4
1864;Edna Murphy;4
1865;Harry McCabe;4
1866;Martha Elena Cervantes;4
1867;Jean Parker;4
1868;George Siegmann;4
1869;Trevor Bardette;4
1870;Ben Hendricks Jr.;4
1871;Giuseppe Addobbati;4
1872;Harry Carey Jr.;4
1873;Margaret Landis;4
1874;Marcia Henderson;4
1875;Bryant Washburn;4
1876;Laura La Plante;4
1877;Ralph Peters;4
1878;Peter Fonda;4
1879;Johnny Carpenter;4
1880;Jack Buetel;4
1881;Joyce Bryant;4
1882;Burl Ives;4
1883;Katherine MacDonald;4
1884;William Adams;4
1885;Clara Horton;4
1886;Cathleen Calhoun;4
1887;Julie Bishop;4
1888;Tony Ferrer;4
1889;Mary Anderson;4
1890;Beth Darlington;4
1891;Leonard Penn;4
1892;Barbara Bedford;4
1893;Ted de Corsia;4
1894;Andrew Robson;4
1895;Dennis O'Keefe;4
1896;Lucien Littlefield;4
1897;Grace Cunard;4
1898;James Robert Chandler;4
1899;Richard Alexander;4
1900;José Calvo;4
1901;Charlotte Stevens;4
1902;Ruth Hall;4
1903;Edith Yorke;4
1904;Regis Toomey;4
1905;Harry Cording;4
1906;Julie London;4
1907;Betty Goodwin;4
1908;Götz George;4
1909;Cesar Ramirez;4
1910;James Millican;4
1911;Max Asher;4
1912;Eddie Parker;4
1913;Carol Lane;4
1914;S.E. Jennings;4
1915;Peter Graves;4
1916;Joyce Compton;4
1917;Julie Duncan;4
1918;Vivian Bay;4
1919;Aline Goodwin;4
1920;Livio Lorenzon;4
1921;Jack House;4
1922;Frank Beal;4
1923;Alma Delia Fuentes;4
1924;Romy Diaz;4
1925;Rosario Gálvez;4
1926;Gaston Glass;4
1927;Lionel Stander;4
1928;Edd Byrnes;4
1929;Robert Fuller;4
1930;Claudio Camaso;4
1931;Carmelita González;4
1932;Franco Lantieri;4
1933;Wolfheart the Dog;4
1934;Rebecca;4
1935;Rogelio Guerra;4
1936;Errol Flynn;4
1937;Dane Clark;4
1938;Joan Woodbury;4
1939;Frank Lackteen;4
1940;William Malan;4
1941;Nieves Navarro;4
1942;George A. Williams;4
1943;Jose Romulo;4
1944;Roy D'Arcy;4
1945;Loredana Nusciak;4
1946;Chris-Pin Martin;4
1947;Sam De Grasse;4
1948;Phil Gastrock;4
1949;Tomas Milian;4
1950;Lloyd Nolan;4
1951;Hayden Stevenson;4
1952;Barbara Worth;4
1953;Massimo Serato;4
1954;Frankie Lee;4
1955;Andrea Bosic;4
1956;Billie Dove;4
1957;William Powell;4
1958;Charles Drake;4
1959;Jody McCrea;4
1960;Audrey Totter;4
1961;Giovanni Cianfriglia;4
1962;Estelita Rodriguez;4
1963;Buddy Ebsen;4
1964;Douglas Fowley;4
1965;Martin Sheen;4
1966;Ben Hill;4
1967;Manuel Dondé;4
1968;Edward Earle;4
1969;Mary Brian;4
1970;Gertrude Short;4
1971;Lola Beltrán;4
1972;Dennis Morgan;4
1973;Fred Malatesta;4
1974;Leo Willis;4
1975;Skip Homeier;4
1976;Lance Fuller;4
1977;José Nieto;4
1978;Al Terry;4
1979;Jeanne Crain;4
1980;William Elmer;4
1981;Milton Brown;4
1982;Figen Han;4
1983;Alice Calhoun;4
1984;John B. O'Brien;4
1985;Cris Huerta;4
1986;Ángel Infante;4
1987;Lulú Parga;4
1988;W.H. Bainbridge;4
1989;Eddie Gribbon;4
1990;William Pike;4
1991;Luke Askew;4
1992;Stewart Granger;4
1993;Tom B. Forman;4
1994;Michael Horse;4
1995;Tony Kendall;4
1996;Narciso Busquets;4
1997;Pascual García Peña;4
1998;Sally Blane;4
1999;Angie Dickinson;4
2000;John Ericson;4
2001;Pat O'Malley;4
2002;Joe Sison;4
2003;Margery Wilson;4
2004;Terence Hill;4
2005;Guillermo Cramer;4
2006;Guy Kibbee;4
2007;David Silva;4
2008;Jimmy Rogers;4
2009;Yildirim Gencer;4
2010;Christopher Bowman;4
2011;Richard Webb;4
2012;Ty Hardin;4
2013;Raymond Burr;4
2014;Sterling Holloway;4
2015;Recep Filiz;4
2016;Hayati Hamzaoglu;4
2017;Dorothea Wolbert;4
2018;William Stowell;4
2019;Charlotte Pierce;4
2020;Gordon Clifford;4
2021;Joan Leslie;4
2022;John Gilbert;4
2023;Eileen Percy;4
2024;Mabel Van Buren;4
2025;Joseph Estrada;4
2026;Trace Adkins;4
2027;Gian Maria Volontè;4
2028;George C. Pearce;4
2029;June Marlowe;4
2030;Bruce Cabot;4
2031;Mary Mayberry;4
2032;Aggie Herring;4
2033;Betty Jewel;4
2034;Mickey Hargitay;4
2035;Jack Nicholson;4
2036;George Irving;4
2037;Richard Cramer;4
2038;Edward Norris;4
2039;Juanita Hansen;4
2040;Winifred Westover;4
2041;Tom Berenger;4
2042;Edgar Dearing;4
2043;Frederick Dana;4
2044;The Texas Playboys;4
2045;Bobby Clack;4
2046;George Field;4
2047;José Chávez;4
2048;Kathlyn Williams;4
2049;Rin Tin Tin;4
2050;Alfredo Leal;4
2051;Leonard Mann;4
2052;Jean Carmen;4
2053;Raf Baldassarre;4
2054;Antonio Sabato;4
2055;Phillip Reed;4
2056;Wendell Corey;4
2057;Vivian Rich;4
2058;George Houston;4
2059;Robert Conville;4
2060;Lina Basquette;4
2061;Kay Hughes;4
2062;William Lowery;4
2063;John Smith;4
2064;Scout the Horse;4
2065;Addison Richards;4
2066;Steve Cochran;4
2067;Rosa Gore;4
2068;Gayne Whitman;4
2069;Derelys Perdue;4
2070;Howard Ross;4
2071;Dorothy Sebastian;4
2072;Muzaffer Tema;4
2073;Winifred Landis;4
2074;Malisa Longo;4
2075;Gloria Hope;4
2076;Helen Talbot;4
2077;Jeff Shea;4
2078;Vera Miles;4
2079;Boris Karloff;4
2080;June Storey;4
2081;Patricia Nieto;4
2082;Edith Johnson;4
2083;Elena Verdugo;4
2084;Lauro Delgado;4
2085;Mark Fenton;4
2086;Yul Brynner;4
2087;Marie Burton;4
2088;David Brian;4
2089;Martha Mattox;4
2090;John Lince;4
2091;Albert Dekker;4
2092;Miguel Aceves Mejía;4
2093;Fred Gamble;4
2094;Mark Stevens;4
2095;Peter M. Thompson;4
2096;Fess Parker;4
2097;Monte Collins;4
2098;Martin Marfil;4
2099;Belle Bennett;4
2100;Maria Pia Conte;4
2101;Robert 'Buzz' Henry;4
2102;Sergio Ciani;4
2103;Lola Todd;4
2104;Jon Hall;4
2105;Kris Kristofferson;4
2106;Gary Gray;5
2107;George F. Marion;5
2108;Wanda Hendrix;5
2109;Dyanik Zurakowska;5
2110;Adele Mara;5
2111;Otto Hoffman;5
2112;Marianne Koch;5
2113;Ralph McCullough;5
2114;Anne Baxter;5
2115;Rosalba Neri;5
2116;Alexis Smith;5
2117;Anna Q. Nilsson;5
2118;Frank Latimore;5
2119;Harry Belmour;5
2120;Leo Anchóriz;5
2121;Alberto Farnese;5
2122;Frank Mayo;5
2123;Nesrin Kaptan;5
2124;Jack Mulhall;5
2125;Otto Nelson;5
2126;Bob Wills;5
2127;Charles Ray;5
2128;Kathryn McGuire;5
2129;Edwin B. Tilton;5
2130;Ben Cooper;5
2131;Gilbert M. 'Broncho Billy' Anderson;5
2132;Jay Hunt;5
2133;Jane Adams;5
2134;Dorothy Dix;5
2135;Zaldy Zshornack;5
2136;William Haade;5
2137;Jack Dougherty;5
2138;Hugh Prosser;5
2139;Merle Fernandez;5
2140;Nebahat Çehre;5
2141;Ruth Clifford;5
2142;Karl Malden;5
2143;Lucile Browne;5
2144;Joe De La Cruz;5
2145;Virginia Herrick;5
2146;Ihsan Gedik;5
2147;Alma Bennett;5
2148;Gloria Henry;5
2149;Bob Baker;5
2150;Barbara Weeks;5
2151;Dorothy Short;5
2152;Pat Chrisman;5
2153;Jules Cowles;5
2154;María Duval;5
2155;Paul Piaget;5
2156;William Berke;5
2157;Val Paul;5
2158;Henry A. Barrows;5
2159;Edward Cecil;5
2160;Gene Hackman;5
2161;Herbert Rawlinson;5
2162;Fabio Testi;5
2163;Richard Egan;5
2164;Eilene Janssen;5
2165;Louise Lovely;5
2166;Jack Nelson;5
2167;Dragomir Bojanic-Gidra;5
2168;R.G. Armstrong;5
2169;Carole Mathews;5
2170;Walter Huston;5
2171;Jack W. Johnston;5
2172;Sally Eilers;5
2173;Beatriz Michelena;5
2174;Gus Saville;5
2175;Tab Hunter;5
2176;Charles Dudley;5
2177;Charles Sellon;5
2178;Wilbur Mack;5
2179;Frank Braña;5
2180;Alphonse Ethier;5
2181;Willis Marks;5
2182;Ruth Stonehouse;5
2183;Al Ernest Garcia;5
2184;Florence Lee;5
2185;Spottiswoode Aitken;5
2186;Irma Dorantes;5
2187;Norbert A. Myles;5
2188;Karl Silvera;5
2189;Ray Collins;5
2190;Elsa Cárdenas;5
2191;Fred Parker;5
2192;Mariano Vidal Molina;5
2193;Ken Curtis;5
2194;Ethlyne Clair;5
2195;Betty Baker;5
2196;Clarence Geldart;5
2197;Virginia Warwick;5
2198;Tony Anthony;5
2199;Mario Adorf;5
2200;Rita Hayworth;5
2201;Jezibell Anat;5
2202;Alberta Vaughn;5
2203;Barbara Stanwyck;5
2204;Charlton Heston;5
2205;Wolf Ruvinskis;5
2206;Hazel Deane;5
2207;Jack Ganzhorn;5
2208;Dean Reed;5
2209;Harley Wood;5
2210;Violet La Plante;5
2211;Cullen Landis;5
2212;Mona Freeman;5
2213;Gretchen Lederer;5
2214;Lynn Sanderson;5
2215;Ahmet Danyal Topatan;5
2216;Natalie Joyce;5
2217;Percy Challenger;5
2218;House Peters Jr.;5
2219;George Bancroft;5
2220;Víctor Junco;5
2221;Chief Thundercloud;5
2222;Edward Burns;5
2223;Henry B. Walthall;5
2224;House Peters;5
2225;Milburn Stone;5
2226;Clark B. Coffey;5
2227;Pedro de Aguillón;5
2228;Al Fremont;5
2229;John Anderson;5
2230;Ray Whitley;5
2231;Don Reynolds;5
2232;Ralph Lewis;5
2233;Gladys McConnell;5
2234;Louise Stanley;5
2235;Ruby Blaine;5
2236;Esther Ralston;5
2237;Kenneth Harlan;5
2238;Arleen Whelan;5
2239;Stuart Holmes;5
2240;Barbara Britton;5
2241;Brad King;5
2242;George Macready;5
2243;Van Heflin;5
2244;Margaret Morris;5
2245;John Bowers;5
2246;Jimmie Dodd;5
2247;Chuck Connors;5
2248;Consuelo Frank;5
2249;Noble Johnson;5
2250;Rex Reason;5
2251;Charles Arling;5
2252;Patrick Wayne;5
2253;Rafael Baledón;5
2254;Andrés García;5
2255;Richard Denning;5
2256;Edmund Purdom;5
2257;Lance Henriksen;5
2258;Álvaro Zermeño;5
2259;Tarzan;5
2260;Mauritz Hugo;5
2261;Oktar Durukan;5
2262;Ruth King;5
2263;Harry L. Rattenberry;5
2264;Gloria Talbott;5
2265;Steve Clark;5
2266;Kathleen O'Connor;5
2267;Warren Oates;5
2268;Karin Booth;5
2269;Ellen Hall;5
2270;Gibson Gowland;5
2271;Rodolfo 'Boy' Garcia;5
2272;Stanley Andrews;5
2273;Kathleen Crowley;5
2274;Hedda Nova;5
2275;Buck Moulton;5
2276;Robert Duvall;5
2277;George Hernandez;5
2278;Betty Caldwell;5
2279;Margia Dean;5
2280;S.J. Bingham;5
2281;Mary Castle;5
2282;Robert Barrat;5
2283;Columba Domínguez;5
2284;Dana Ghia;5
2285;James Sheridan;5
2286;Lydia Yeamans Titus;5
2287;Star the Horse;5
2288;Steve Brodie;5
2289;Warner Baxter;5
2290;Mario Brega;5
2291;Lois Collier;5
2292;Eddie Dew;5
2293;Ennio Girolami;5
2294;Anthony Quinn;5
2295;John Litel;5
2296;Carlos Quiney;5
2297;William Henry;5
2298;Harry Lonsdale;5
2299;Hugh O'Brian;5
2300;Mike Connors;5
2301;Joe Ryan;5
2302;John Agar;5
2303;Frank Brownlee;5
2304;Bartlett A. Carre;5
2305;Mirko Ellis;5
2306;Aaron Edwards;5
2307;Elisa Montés;5
2308;Félix González;5
2309;Gloria Grey;5
2310;Elvira Quintana;5
2311;Trilby Clark;5
2312;Daniele Vargas;5
2313;Lillian Gilmore;5
2314;Ronald Remy;5
2315;Brett Halsey;5
2316;Stephen Chase;5
2317;Henry Roquemore;5
2318;Dorothy Patrick;5
2319;John Webb Dillion;5
2320;John Saxon;5
2321;Claire Du Brey;5
2322;Paolo Gozlino;5
2323;Roberto Cañedo;5
2324;Theodore Lorch;5
2325;Pat Starling;5
2326;Alex Nicol;5
2327;Herschel Mayall;5
2328;Bilal Inci;5
2329;Robert Preston;5
2330;Georgie Stone;5
2331;Don Coleman;5
2332;Budd Buster;5
2333;George Fawcett;5
2334;María Luisa Zea;5
2335;Abel Salazar;5
2336;Betty Schade;5
2337;Larry W. Simpson;5
2338;Eddie Phillips;5
2339;Joan Dixon;5
2340;Manuel López Ochoa;6
2341;Cihangir Gaffari;6
2342;Luis Dávila;6
2343;Otto Lederer;6
2344;Arthur Kennedy;6
2345;Dickie Jones;6
2346;Millard K. Wilson;6
2347;Reha Yurdakul;6
2348;Tommy Farrell;6
2349;Mary Beth Hughes;6
2350;Lee J. Cobb;6
2351;Gordon Sackville;6
2352;Lorraine Miller;6
2353;Victorio Blanco;6
2354;Roberto Ramírez Garza;6
2355;Vic Varrion;6
2356;Wade Boteler;6
2357;George Larkin;6
2358;James Bell;6
2359;Edythe Sterling;6
2360;Charles Ogle;6
2361;Graham Pettie;6
2362;José Torres;6
2363;Fred Scott;6
2364;Lightning;6
2365;William Conklin;6
2366;Frank Wolff;6
2367;Lane Bradford;6
2368;Erika Blanc;6
2369;Dick Carter;6
2370;Roscoe Ates;6
2371;Elsa Benham;6
2372;Ruth Mix;6
2373;William White;6
2374;Hüseyin Zan;6
2375;Pamela Blake;6
2376;Pat Harmon;6
2377;John James;6
2378;John Carradine;6
2379;Frank McGlynn Sr.;6
2380;Fontaine La Rue;6
2381;Melbourne MacDowell;6
2382;Wes Studi;6
2383;James A. Marcus;6
2384;Virginia Mayo;6
2385;James Philbrook;6
2386;Walter Rodgers;6
2387;J. Morris Foster;6
2388;Lois January;6
2389;Marjorie Reynolds;6
2390;Wayde Preston;6
2391;Robert Allen;6
2392;Horace Murphy;6
2393;Olivia Michel;6
2394;Macdonald Carey;6
2395;Jack McDonald;6
2396;Nancy Drexel;6
2397;Ted Brooks;6
2398;Ellen Drew;6
2399;Miguel de la Riva;6
2400;George Berrell;6
2401;Michael Chapin;6
2402;Noel Neill;6
2403;José Elías Moreno;6
2404;Beatrice Burnham;6
2405;Ray Bennett;6
2406;George Nichols;6
2407;Walter Perry;6
2408;Gertrude Claire;6
2409;Leo Carrillo;6
2410;Pancho Córdova;6
2411;Helen Westcott;6
2412;Genevieve Bert;6
2413;Edmond O'Brien;6
2414;Kenne Duncan;6
2415;Buck Black;6
2416;William Scott;6
2417;Niles Welch;6
2418;Jack Luden;6
2419;Terry Frost;6
2420;Mary Lee;6
2421;Bruce Bennett;6
2422;William H. Turner;6
2423;John Lund;6
2424;Bert Lindley;6
2425;L.J. O'Connor;6
2426;Vic Vargas;6
2427;Martin Turner;6
2428;Harry Lauter;6
2429;David Sharpe;6
2430;Fritzi Brunette;6
2431;Ian Keith;6
2432;Brad Harris;6
2433;Wanda Hawley;6
2434;Lyn Thomas;6
2435;Bud Geary;6
2436;Charles Newton;6
2437;Dorothy Fay;6
2438;Zachary Scott;6
2439;Edward Roseman;6
2440;Demetrio González;6
2441;Jorge Martínez de Hoyos;6
2442;Femi Benussi;6
2443;Eulalio González;6
2444;Billie Seward;6
2445;Billie Bennett;6
2446;Robert Ellis;6
2447;Bert Appling;6
2448;Harry Northrup;6
2449;Paul Fix;6
2450;John Russell;6
2451;Walter Long;6
2452;Billy Butts;6
2453;Reed Hadley;6
2454;Earle Hodgins;6
2455;Wilbur Higby;6
2456;Helen Gibson;6
2457;James Coburn;6
2458;Smith Ballew;6
2459;James Best;6
2460;Melek Görgün;6
2461;Mildred Harris;6
2462;Lorraine Eason;6
2463;Pedro Armendáriz;6
2464;Bessie Love;6
2465;Sons of the Pioneers;6
2466;Marguerite De La Motte;6
2467;Matthew Betz;6
2468;Lee Marvin;6
2469;Wallace Ford;6
2470;Richard Neill;6
2471;Rodolfo Landa;6
2472;Pietro Martellanza;6
2473;Kathleen Key;6
2474;Eugene Pallette;6
2475;Jeff Chandler;6
2476;John McIntire;6
2477;Kudret Karadag;6
2478;Erol Tas;6
2479;Walter McGrail;6
2480;Ann Rutherford;6
2481;Rod Navarro;6
2482;Jeff Donnell;6
2483;Lois Hall;6
2484;Virginia Grey;6
2485;Bobby Dunn;6
2486;George Ardisson;7
2487;Elmer;7
2488;Tully Marshall;7
2489;Víctor Alcocer;7
2490;Andy Shuford;7
2491;George Cleveland;7
2492;Guy Wilkerson;7
2493;Bill Cody Jr.;7
2494;Cheyenne Bill;7
2495;John 'Dusty' King;7
2496;Süheyl Egriboz;7
2497;Dorothy Donald;7
2498;Billy Franey;7
2499;Don Murray;7
2500;Eleazar García;7
2501;Furio Meniconi;7
2502;Rock Hudson;7
2503;Si Jenks;7
2504;Helen Ferguson;7
2505;Jack Elam;7
2506;Charles Hill Mailes;7
2507;Tito Junco;7
2508;Tom Neal;7
2509;Stephen McNally;7
2510;Lito Lapid;7
2511;Walter Shumway;7
2512;Al Richmond;7
2513;Van De Leon;7
2514;Cecilia Parker;7
2515;Mary Carr;7
2516;Bill Kennedy;7
2517;Reed Howes;7
2518;Clayton Moore;7
2519;William Courtright;7
2520;Henry Hebert;7
2521;Robert Warwick;7
2522;Raye Hampton;7
2523;Vera Ralston;7
2524;Eleanor Stewart;7
2525;Woody Strode;7
2526;Evelyn Stewart;7
2527;Joan Barclay;7
2528;Ernest Borgnine;7
2529;Chet Ryan;7
2530;Caryl Lincoln;7
2531;Joanne Dru;7
2532;Nort Nepomuceno;7
2533;J. Carrol Naish;7
2534;Julie Adams;7
2535;Jane Novak;7
2536;Rex the Dog;7
2537;Elaine Riley;7
2538;Clint Walker;7
2539;Chinook;7
2540;William Duncan;7
2541;Robert Edeson;7
2542;Otis Harlan;7
2543;Ofelia Montesco;7
2544;Martin Garralaga;7
2545;Barbara Hale;7
2546;Eddie Dean;7
2547;Slim Andrews;7
2548;Jay Kirby;7
2549;Hooper Atchley;7
2550;Richard Harris;7
2551;William Bertram;7
2552;Lorna Gray;7
2553;Sarah Padden;7
2554;Nancy Gates;7
2555;Ann Little;7
2556;James Stewart;7
2557;Harry O'Connor;7
2558;Benito Pacifico;7
2559;Reb Russell;7
2560;Horst Frank;7
2561;Buck Taylor;7
2562;Gordon Jones;7
2563;Carlos Cortés;7
2564;Mark Hamilton;7
2565;Dorothy Revier;7
2566;Patti McCarty;7
2567;Cathy Downs;7
2568;Helene Rosson;7
2569;William Bishop;7
2570;Neville Brand;7
2571;Syd Saylor;7
2572;Gianni Garko;7
2573;Mark Damon;7
2574;Carol Holloway;7
2575;Charles Clary;7
2576;Marie Windsor;7
2577;Gertrude Messinger;7
2578;Robert Taylor;7
2579;Hazel Keener;7
2580;George Magrill;7
2581;Kazim Kartal;7
2582;Dorothy Dwan;7
2583;Robert Middleton;7
2584;Harry von Meter;7
2585;Irene Rich;7
2586;Donald O'Brien;7
2587;Al Taylor;7
2588;Nell O'Day;7
2589;Monroe Salisbury;7
2590;George Wang;7
2591;Dana Andrews;7
2592;Barry Sullivan;7
2593;Joe Sawyer;7
2594;Bullet the Dog;7
2595;Maurice 'Lefty' Flynn;7
2596;Lotus Thompson;7
2597;Martha Wentworth;7
2598;Julio Aldama;8
2599;Josef Swickard;8
2600;Divina Valencia;8
2601;Yilmaz Köksal;8
2602;Earl Metcalfe;8
2603;Charles Bronson;8
2604;Wallace MacDonald;8
2605;John Payne;8
2606;Bobby Nelson;8
2607;Betty Miles;8
2608;Preston Foster;8
2609;Douglas Kennedy;8
2610;Charles Bickford;8
2611;Eva Novak;8
2612;Richard Arlen;8
2613;Luis Induni;8
2614;Antonio Moreno;8
2615;Douglass Dumbrille;8
2616;Bob Nolan;8
2617;Ed La Niece;8
2618;Jack Livingston;8
2619;William Gould;8
2620;Penny Edwards;8
2621;Fanny Midgley;8
2622;Fritzi Ridgeway;8
2623;John Lowell;8
2624;Ed Cassidy;8
2625;Bob Burns;8
2626;Noé Murayama;8
2627;Dale Robertson;8
2628;Marilyn Mills;8
2629;Willard Parker;8
2630;Edna Aslin;8
2631;Aldo Berti;8
2632;Lloyd Ingraham;8
2633;Arthur Millett;8
2634;Joseph Bennett;8
2635;Virginia Brown Faire;8
2636;William Quinn;8
2637;Edward Hearn;8
2638;Yilmaz Güney;8
2639;Stanton Heck;8
2640;Lois Wilson;8
2641;Frank Austin;8
2642;Aldo Sambrell;8
2643;Rick Vallin;8
2644;Dean Jagger;8
2645;Roy Laidlaw;8
2646;Lloyd Bridges;8
2647;William Ellingford;8
2648;Anne Gwynne;8
2649;Jim Farley;8
2650;Myron Healey;8
2651;Atilla Ergün;8
2652;Gregory Peck;8
2653;Christine McIntyre;8
2654;Beth Marion;8
2655;Fred MacMurray;8
2656;Coleen Gray;8
2657;Jay Silverheels;8
2658;G. Raymond Nye;8
2659;Marguerite Clayton;8
2660;Agustín Isunza;8
2661;Lucha Villa;8
2662;Dustin Farnum;8
2663;Vassili Karis;8
2664;Sheila Bromley;8
2665;Jeff Cameron;8
2666;Jack Palance;8
2667;Henry Hull;8
2668;Keith Larsen;8
2669;Duane Thompson;8
2670;Patricia Palmer;8
2671;Gene Crosby;8
2672;Wallace Beery;8
2673;Morris Ankrum;8
2674;Dorothy Gulliver;9
2675;William McCall;9
2676;Wilfred Lucas;9
2677;Philip Carey;9
2678;Nan Leslie;9
2679;Kent Taylor;9
2680;Ben Johnson;9
2681;Hugo Stiglitz;9
2682;Dino Strano;9
2683;Walter Brennan;9
2684;Marceline Day;9
2685;Emilio Fernández;9
2686;Cameron Mitchell;9
2687;Murdock MacQuarrie;9
2688;Jack Betts;9
2689;Joseph J. Dowling;9
2690;Edward Coxen;9
2691;Gilbert Holmes;9
2692;Roy Watson;9
2693;Bob Reeves;9
2694;Monte Montague;9
2695;William Holden;9
2696;Koko;9
2697;Claire Trevor;9
2698;Ethan Laidlaw;9
2699;Linda Stirling;9
2700;Twinkle Watts;9
2701;Arturo Soto Rangel;9
2702;Harry Dunkinson;9
2703;Lynn Merrick;9
2704;Crox Alvarado;9
2705;Perry Murdock;9
2706;Doris Hill;9
2707;Víctor Parra;9
2708;Kirk Douglas;9
2709;Armando Silvestre;9
2710;Jimmy Aubrey;9
2711;Luana Walters;9
2712;Les Bates;9
2713;George J. Lewis;9
2714;Marion Shilling;9
2715;Alan Ladd;9
2716;Gloria Milland;9
2717;Clint Eastwood;9
2718;Giuliano Gemma;9
2719;Anne Jeffreys;9
2720;Will Walling;9
2721;Roger Williams;9
2722;Harold Goodwin;9
2723;Carlos López Moctezuma;9
2724;Elinor Fair;9
2725;Brian Keith;9
2726;Dick Foran;9
2727;Ruth Royce;9
2728;Johnny Monteiro;9
2729;Broderick Crawford;9
2730;Peggie Castle;9
2731;Klaus Kinski;9
2732;Burt Lancaster;9
2733;Tony the Horse;9
2734;Raúl de Anda;9
2735;Lee 'Lasses' White;9
2736;Rik Battaglia;9
2737;Cesar Romero;10
2738;Yvonne De Carlo;10
2739;Olin Francis;10
2740;Ernie Adams;10
2741;Bert Olivar;10
2742;Mimmo Palmara;10
2743;Glenn Strange;10
2744;Louise Lorraine;10
2745;Noah Beery Jr.;10
2746;Stanley Blystone;10
2747;Grant Withers;10
2748;Lee Roberts;10
2749;Muriel Evans;10
2750;Dacia González;10
2751;Monte Blue;10
2752;Tom Bay;10
2753;Jay Morley;10
2754;Julian Rivero;10
2755;Richard Boone;10
2756;Claire Rochelle;10
2757;Sonia Infante;10
2758;Harvey Clark;10
2759;Robert Mitchum;10
2760;Lito Anzures;10
2761;Tristram Coffin;10
2762;Reno Browne;10
2763;Sheldon Lewis;10
2764;Mary Ellen Kay;10
2765;Henry Fonda;10
2766;Dan Duryea;10
2767;Keenan Wynn;10
2768;Ignazio Spalla;10
2769;Jeffrey Hunter;10
2770;Carleton Young;10
2771;William Russell;10
2772;Brian Donlevy;10
2773;Lillian Rich;10
2774;Leon De La Mothe;10
2775;Vola Vale;10
2776;Bill Williams;10
2777;Jack Pratt;10
2778;Starlight the Horse;10
2779;Jim Bannon;10
2780;Barney Furey;10
2781;Fay Wray;10
2782;Allene Ray;10
2783;Marjorie Daw;10
2784;Lorena Velázquez;10
2785;Richard Widmark;10
2786;Helen Holmes;10
2787;Tamer Yigit;10
2788;Frank Hagney;11
2789;Piero Lulli;11
2790;Lex Barker;11
2791;Barton MacLane;11
2792;J.B. Warner;11
2793;Robert Lowery;11
2794;Andy Devine;11
2795;Helen Foster;11
2796;Bob Fleming;11
2797;Andrew Waldron;11
2798;Frank Clark;11
2799;Robert Frazer;11
2800;Dale Evans;11
2801;Evelyn Finley;11
2802;Jim Corey;11
2803;Merrill McCormick;11
2804;Steve Clemente;11
2805;Robert McKenzie;11
2806;Claudio Undari;11
2807;Evelyn Nelson;11
2808;Claire Adams;11
2809;Warner Richmond;11
2810;Charles Brinley;11
2811;Wally Vernon;11
2812;Jorge Rivero;11
2813;Shorty Hamilton;11
2814;Blanche Mehaffey;11
2815;Eugenia Gilbert;11
2816;Lee Shumway;11
2817;Gojko Mitic;11
2818;Victor Jory;11
2819;Guy Madison;11
2820;George Martin;11
2821;Scott Brady;11
2822;Frank Whitson;12
2823;Al Bridge;12
2824;Arthur Morrison;12
2825;Fernando Almada;12
2826;George Eastman;12
2827;Alfred Allen;12
2828;Duncan Renaldo;12
2829;Robert Homans;12
2830;Betty Mack;12
2831;George Hilton;12
2832;Kirby Grant;12
2833;Flor Silvestre;12
2834;Slim Pickens;12
2835;Lynne Roberts;12
2836;Peter Lee Lawrence;12
2837;Dorothy Malone;12
2838;Clark Comstock;12
2839;Andrés Soler;12
2840;Dick Curtis;12
2841;James Craig;12
2842;Manolo Robles;12
2843;Lon Chaney Jr.;12
2844;Whitehorse;12
2845;Eduardo Fajardo;12
2846;Rex the Wonder Horse;12
2847;Wayne Morris;12
2848;Carl Stockdale;12
2849;Gary Cooper;12
2850;Jack Mower;12
2851;Sid Jordan;12
2852;William Dyer;12
2853;Frank Lanning;12
2854;David Reynoso;12
2855;Richard Dix;12
2856;Rufe Davis;12
2857;John Dehner;12
2858;Franco Nero;12
2859;Edgar Buchanan;12
2860;David Dunbar;12
2861;Robert Ryan;12
2862;Kathleen Collins;13
2863;Pierre Brice;13
2864;Julio Alemán;13
2865;Manuel Capetillo;13
2866;Francis McDonald;13
2867;Russell Simpson;13
2868;Pedro Armendáriz Jr.;13
2869;Hobart Bosworth;13
2870;Mack V. Wright;13
2871;Eileen Sedgwick;13
2872;Joaquín Cordero;13
2873;Emmett Lynn;13
2874;Jimmy Wakely;13
2875;Hank Bell;13
2876;Jim Welch;13
2877;Bert Sprotte;13
2878;Jock Mahoney;13
2879;Martha Hyer;13
2880;Rosa de Castilla;13
2881;Iris Meredith;14
2882;Frank Campeau;14
2883;Richard Martin;14
2884;Jim Mason;14
2885;Jack Randall;14
2886;Richard Harrison;14
2887;William Bailey;14
2888;Rex Allen;14
2889;Florence Gilbert;14
2890;Sterling Hayden;14
2891;Kenneth MacDonald;14
2892;Robert Walker;14
2893;Frank Ellis;14
2894;Dick La Reno;14
2895;Craig Hill;14
2896;Ena Gregory;14
2897;Fred Humes;14
2898;J. Farrell MacDonald;14
2899;Bruce Gordon;14
2900;Jennifer Holt;14
2901;Francelia Billington;14
2902;Fred Burns;15
2903;Bob Kortman;15
2904;Wheeler Oakman;15
2905;Gilbert Roland;15
2906;John Elliott;15
2907;Jorge Russek;15
2908;Edward Peil Sr.;15
2909;Eric del Castillo;15
2910;Forrest Taylor;15
2911;Earl Dwire;15
2912;Frank Yaconelli;15
2913;Milton Ross;15
2914;C.E. Anderson;15
2915;Philo McCullough;15
2916;Jack Ingram;15
2917;Ed Brady;15
2918;Monte Hale;15
2919;Eddie Garcia;15
2920;Fernando Soto;15
2921;Fernando Poe Jr.;15
2922;Dorothy Wood;15
2923;Nora Lane;15
2924;Marshall Reed;15
2925;Josie Sedgwick;15
2926;William Welsh;16
2927;Jun Aristorenas;16
2928;Rocco Montalban;16
2929;Lee Van Cleef;16
2930;Walter Miller;16
2931;Horace B. Carpenter;16
2932;Albert J. Smith;16
2933;John Ireland;16
2934;Peggy Montgomery;16
2935;Molly Malone;16
2936;Glenn Ford;16
2937;Ashton Dearholt;16
2938;Gail Davis;17
2939;Mario Almada;17
2940;Art Mix;17
2941;Fred Thomson;17
2942;Rand Brooks;17
2943;Max Alvarado;17
2944;Marin Sais;17
2945;Robert Woods;17
2946;Olive Hasbrouck;17
2947;Sunset Carson;17
2948;Jess Lapid;17
2949;Alice Fleming;17
2950;Lash La Rue;17
2951;William Ryno;17
2952;Tom Santschi;17
2953;Charles Le Moyne;17
2954;Karl Hackett;17
2955;Joseph W. Girard;17
2956;Rex Bell;17
2957;Phyllis Coates;17
2958;William Berger;17
2959;Champion;17
2960;Jack Curtis;17
2961;William Barrymore;17
2962;Chill Wills;17
2963;Trigger;17
2964;LeRoy Mason;18
2965;Rex Lease;18
2966;Joel McCrea;18
2967;William Farnum;18
2968;Lane Chandler;18
2969;Pauline Curley;18
2970;Ben F. Wilson;18
2971;Rory Calhoun;18
2972;John Merton;18
2973;Arturo Martínez;18
2974;Wilbur McGaugh;19
2975;Kermit Maynard;19
2976;J.P. Lockney;19
2977;Alma Rayford;19
2978;Peggy O'Day;19
2979;J. Gordon Russell;19
2980;Audie Murphy;19
2981;Anthony Steffen;19
2982;Dave O'Brien;19
2983;Forrest Tucker;19
2984;Gordon Mitchell;19
2985;Joe Harris;19
2986;Claude Payton;19
2987;Ward Bond;19
2988;Lester Cuneo;19
2989;Riley Hill;19
2990;Joe Rickson;20
2991;Al Hart;20
2992;William Fairbanks;20
2993;Jean Arthur;20
2994;James Ellison;20
2995;Tom Keene;20
2996;Paquito Diaz;20
2997;George O'Brien;20
2998;Jack Holt;20
2999;Whip Wilson;21
3000;Duke R. Lee;21
3001;Neal Hart;21
3002;Francis Ford;21
3003;Buck Connors;21
3004;William Desmond;21
3005;Fred Kohler;21
3006;Ted Adams;21
3007;I. Stanford Jolley;21
3008;Tex Ritter;21
3009;Jim Davis;22
3010;Ben Corbett;22
3011;Ted Wells;22
3012;Dagoberto Rodríguez;23
3013;Peggy Stewart;23
3014;Dub Taylor;23
3015;Rodolfo de Anda;23
3016;Robert McKim;23
3017;Robert Blake;24
3018;Paul Hurst;24
3019;Frankie Darro;24
3020;George Chesebro;24
3021;Victor Bravo;24
3022;Ray Corrigan;24
3023;Nelson McDowell;24
3024;Ione Reed;25
3025;Fred Church;25
3026;Harry Woods;25
3027;Rod Cameron;25
3028;William Steele;25
3029;Vester Pegg;25
3030;George Montgomery;25
3031;Jaime Fernández;26
3032;Al Hoxie;26
3033;Milburn Morante;26
3034;Roy Rogers;26
3035;Luis Aguilar;26
3036;Fernando Casanova;26
3037;Alfred Hewston;27
3038;Josephine Hill;28
3039;J.P. McGowan;28
3040;Neva Gerber;28
3041;Dick Hatton;29
3042;Eddy Waller;29
3043;Noah Beery;29
3044;Dennis Moore;29
3045;Bill Cody;29
3046;Harry Todd;29
3047;Don 'Red' Barry;29
3048;Fernando Sancho;30
3049;Thomas G. Lingham;30
3050;Black Jack;30
3051;Robert Livingston;30
3052;Bill Patton;30
3053;Antonio Aguilar;31
3054;Guinn 'Big Boy' Williams;31
3055;Buddy Roosevelt;31
3056;Charles K. French;32
3057;Max Terhune;32
3058;Fuzzy Knight;32
3059;Art Acord;32
3060;Tim Holt;32
3061;Jack Richardson;33
3062;Frank Rice;33
3063;Leo D. Maloney;33
3064;Buzz Barton;34
3065;Smiley Burnette;34
3066;Charles King;34
3067;Edmund Cobb;34
3068;Roy Stewart;35
3069;Al Ferguson;35
3070;Buster Crabbe;35
3071;Lew Meehan;35
3072;Randolph Scott;35
3073;Cliff Lyons;36
3074;Russell Hayden;36
3075;William S. Hart;36
3076;Jay Wilsey;36
3077;Pete Morrison;38
3078;Gene Autry;39
3079;Bob Custer;41
3080;Hal Taliaferro;41
3081;John Wayne;41
3082;Yakima Canutt;41
3083;Franklyn Farnum;42
3084;Charles Starrett;43
3085;Andy Clyde;43
3086;Allan Lane;45
3087;Slim Whitaker;45
3088;Roy Barcroft;46
3089;Tom London;48
3090;Jack Perrin;49
3091;Bill Elliott;49
3092;William Boyd;55
3093;Ken Maynard;55
3094;Lafe McKee;56
3095;Tom Mix;57
3096;Tim McCoy;58
3097;Jack Hoxie;59
3098;George 'Gabby' Hayes;61
3099;Bud Osborne;61
3100;Hoot Gibson;66
3101;Harry Carey;67
3102;Al St. John;68
3103;Tom Tyler;69
3104;Raymond Hatton;69
3105;Buck Jones;76
3106;Johnny Mack Brown;83
3107;Bob Steele;94
